<core:FragmentDefinition
	xmlns="sap.m"
	xmlns:l="sap.ui.layout"
	xmlns:f="sap.ui.layout.form"
	xmlns:core="sap.ui.core">

	<VBox class="sapUiSmallMargin">
		<f:SimpleForm id="invoiceHeader"
			editable="true"
			layout="ResponsiveGridLayout"
			labelSpanXL="4"
			labelSpanL="4"
			labelSpanM="4"
			labelSpanS="4"
			adjustLabelSpan="false"
			emptySpanXL="0"
			emptySpanL="0"
			emptySpanM="0"
			emptySpanS="0"
			columnsXL="1"
			columnsL="1"
			columnsM="1"
			singleContainerFullSize="false" >
			<f:content>
				<Label text="{i18n>documentNumber}" />
				<Input id="documentNumber" value="{invoice>/header/documentNumber}" />

				<Label text="{i18n>purchaseOrderNumber}" />
				<Input id="purchaseOrderNumber" value="{invoice>/header/purchaseOrderNumber}" /> 

				<Label text="{i18n>documentDate}" />
				<DatePicker id="documentDate" value="{invoice>/header/documentDate}" /> 

                <Label text="{i18n>dueDate}" />
				<DatePicker id="dueDate" value="{invoice>/header/dueDate}" /> 

                <Label text="{i18n>grossAmount}" />
				<Input id="grossAmount" value="{invoice>/header/grossAmount}"/> 

                <Label text="{i18n>currencyCode}" />
				<Input id="currencyCode" value="{invoice>/header/currencyCode}" />                 

			</f:content>
		</f:SimpleForm>
	</VBox>    
</core:FragmentDefinition>    